{
  "$id": "1",
  "Pool": {
    "$id": "2",
    "$values": [
      {
        "$id": "3",
        "Description": "Say when turn changes to self",
        "Behavior": {
          "$id": "4",
          "$type": "CaseBasedController.Behavior.Enercities.PerformUtterance, CaseBasedController",
          "FinishImmediately": false,
          "Category": "turntaking",
          "Subcategory": "robot",
          "Priority": 0
        },
        "Detector": {
          "$id": "5",
          "$type": "CaseBasedController.Detection.Composition.AndFeatureDetector, CaseBasedController",
          "Detectors": {
            "$id": "6",
            "$values": [
              {
                "$id": "7",
                "$type": "CaseBasedController.Detection.Enercities.PlayerTurnBinaryFeatureDetector, CaseBasedController",
                "Player": 2,
                "Description": "AI turn detector",
                "ActivationsMinDelayMilliseconds": 0
              },
              {
                "$id": "8",
                "$type": "CaseBasedController.Detection.Enercities.TurnChangedInstantFeatureDetector, CaseBasedController",
                "TimePeriod": 1.0,
                "Description": null,
                "ActivationsMinDelayMilliseconds": 0
              },
              {
                "$id": "9",
                "$type": "CaseBasedController.Detection.Composition.NotFeatureDetector, CaseBasedController",
                "WatchedDetector": {
                  "$id": "10",
                  "$type": "CaseBasedController.Detection.Enercities.TurnNumberBinaryFeatureDetector, CaseBasedController",
                  "TurnNumber": 0,
                  "Description": null,
                  "ActivationsMinDelayMilliseconds": 0
                },
                "Description": null,
                "ActivationsMinDelayMilliseconds": 0
              },
              {
                "$id": "11",
                "$type": "CaseBasedController.Detection.Composition.NotFeatureDetector, CaseBasedController",
                "WatchedDetector": {
                  "$id": "12",
                  "$type": "CaseBasedController.Detection.Enercities.TurnNumberBinaryFeatureDetector, CaseBasedController",
                  "TurnNumber": 1,
                  "Description": null,
                  "ActivationsMinDelayMilliseconds": 0
                },
                "Description": null,
                "ActivationsMinDelayMilliseconds": 0
              },
              {
                "$id": "13",
                "$type": "CaseBasedController.Detection.Composition.NotFeatureDetector, CaseBasedController",
                "WatchedDetector": {
                  "$id": "14",
                  "$type": "CaseBasedController.Detection.Enercities.TurnNumberBinaryFeatureDetector, CaseBasedController",
                  "TurnNumber": 2,
                  "Description": null,
                  "ActivationsMinDelayMilliseconds": 0
                },
                "Description": null,
                "ActivationsMinDelayMilliseconds": 0
              }
            ]
          },
          "Description": "Turn changed to AI player",
          "ActivationsMinDelayMilliseconds": 0
        },
        "ExecutionStarted": false,
        "IsCancellable": true,
        "Enabled": true
      },
      {
        "$id": "15",
        "Description": "Say when turn changes human players",
        "Behavior": {
          "$id": "16",
          "$type": "CaseBasedController.Behavior.Enercities.PerformUtterance, CaseBasedController",
          "FinishImmediately": false,
          "Category": "turntaking",
          "Subcategory": "learner",
          "Priority": 0
        },
        "Detector": {
          "$id": "17",
          "$type": "CaseBasedController.Detection.Composition.AndFeatureDetector, CaseBasedController",
          "Detectors": {
            "$id": "18",
            "$values": [
              {
                "$id": "19",
                "$type": "CaseBasedController.Detection.Composition.NotFeatureDetector, CaseBasedController",
                "WatchedDetector": {
                  "$ref": "7"
                },
                "Description": null,
                "ActivationsMinDelayMilliseconds": 0
              },
              {
                "$id": "20",
                "$type": "CaseBasedController.Detection.Composition.StayActiveDetector, CaseBasedController",
                "Delay": 2000.0,
                "WatchedDetector": {
                  "$id": "21",
                  "$type": "CaseBasedController.Detection.Enercities.TurnChangedInstantFeatureDetector, CaseBasedController",
                  "TimePeriod": 1.0,
                  "Description": null,
                  "ActivationsMinDelayMilliseconds": 0
                },
                "Description": null,
                "ActivationsMinDelayMilliseconds": 0
              }
            ]
          },
          "Description": "Turn changed to human players",
          "ActivationsMinDelayMilliseconds": 0
        },
        "ExecutionStarted": false,
        "IsCancellable": true,
        "Enabled": true
      },
      {
        "$id": "22",
        "Description": "Say when a new level is reached",
        "Behavior": {
          "$id": "23",
          "$type": "CaseBasedController.Behavior.Enercities.PerformUtterance, CaseBasedController",
          "FinishImmediately": false,
          "Category": "reachednewlevel",
          "Subcategory": "-",
          "Priority": 5
        },
        "Detector": {
          "$id": "24",
          "$type": "CaseBasedController.Detection.Enercities.NewLevelReachedBinaryFeatureDetector, CaseBasedController",
          "Description": null,
          "ActivationsMinDelayMilliseconds": 0
        },
        "ExecutionStarted": false,
        "IsCancellable": true,
        "Enabled": true
      },
      {
        "$id": "25",
        "Description": "Say when a the game ended because of no oil",
        "Behavior": {
          "$id": "26",
          "$type": "CaseBasedController.Behavior.Enercities.PerformUtterance, CaseBasedController",
          "FinishImmediately": false,
          "Category": "endgame",
          "Subcategory": "nooil",
          "Priority": 10
        },
        "Detector": {
          "$id": "27",
          "$type": "CaseBasedController.Detection.Enercities.GameEndedBinaryDetector, CaseBasedController",
          "GameEndType": 0,
          "Description": "Detects when the game ends because of No Oil",
          "ActivationsMinDelayMilliseconds": 0
        },
        "ExecutionStarted": false,
        "IsCancellable": true,
        "Enabled": true
      },
      {
        "$id": "28",
        "Description": "Say when a the game ended successfully",
        "Behavior": {
          "$id": "29",
          "$type": "CaseBasedController.Behavior.Enercities.PerformUtterance, CaseBasedController",
          "FinishImmediately": false,
          "Category": "endgame",
          "Subcategory": "successful",
          "Priority": 10
        },
        "Detector": {
          "$id": "30",
          "$type": "CaseBasedController.Detection.Enercities.GameEndedBinaryDetector, CaseBasedController",
          "GameEndType": 1,
          "Description": "Detects when the game ends successfully",
          "ActivationsMinDelayMilliseconds": 0
        },
        "ExecutionStarted": false,
        "IsCancellable": true,
        "Enabled": true
      },
      {
        "$id": "31",
        "Description": "Say when a the game ended because the time is up",
        "Behavior": {
          "$id": "32",
          "$type": "CaseBasedController.Behavior.Enercities.PerformUtterance, CaseBasedController",
          "FinishImmediately": false,
          "Category": "gamestate",
          "Subcategory": "timeup",
          "Priority": 10
        },
        "Detector": {
          "$id": "33",
          "$type": "CaseBasedController.Detection.Enercities.GameEndedBinaryDetector, CaseBasedController",
          "GameEndType": 2,
          "Description": "Detects when the game ends because the time is up",
          "ActivationsMinDelayMilliseconds": 0
        },
        "ExecutionStarted": false,
        "IsCancellable": true,
        "Enabled": true
      },
      {
        "$id": "34",
        "Description": "Tell tutorial",
        "Behavior": {
          "$id": "35",
          "$type": "CaseBasedController.Behavior.Enercities.PerformTutorialSession1, CaseBasedController",
          "Priority": 0
        },
        "Detector": {
          "$id": "36",
          "$type": "CaseBasedController.Detection.Composition.AndFeatureDetector, CaseBasedController",
          "Detectors": {
            "$id": "37",
            "$values": [
              {
                "$id": "38",
                "$type": "CaseBasedController.Detection.Enercities.GameStartedBinaryFeatureDetector, CaseBasedController",
                "Description": null,
                "ActivationsMinDelayMilliseconds": 0
              },
              {
                "$id": "39",
                "$type": "CaseBasedController.Detection.Enercities.SessionBinaryFeatureDetector, CaseBasedController",
                "SessionNumber": 1,
                "Description": null,
                "ActivationsMinDelayMilliseconds": 0
              }
            ]
          },
          "Description": null,
          "ActivationsMinDelayMilliseconds": 0
        },
        "ExecutionStarted": false,
        "IsCancellable": false,
        "Enabled": true
      },
      {
        "$id": "40",
        "Description": "Tell upgrades tutorial",
        "Behavior": {
          "$id": "41",
          "$type": "CaseBasedController.Behavior.Enercities.InteractiveTutorial.InteractiveTutorialUtterances, CaseBasedController",
          "FirstCategory": "Tutorial",
          "FirstSubcategory": "OwnUpgrade",
          "SecondCategory": "Tutorial",
          "SecondSubcategory": "OtherUpgrade",
          "Priority": 4
        },
        "Detector": {
          "$id": "42",
          "$type": "CaseBasedController.Detection.Enercities.FirstActions.AfterFirstUpgradeDoneByMayorBinaryFeatureDetector, CaseBasedController",
          "Description": null,
          "ActivationsMinDelayMilliseconds": 0
        },
        "ExecutionStarted": false,
        "IsCancellable": false,
        "Enabled": true
      },
      {
        "$id": "43",
        "Description": "Tell policies tutorial",
        "Behavior": {
          "$id": "44",
          "$type": "CaseBasedController.Behavior.Enercities.InteractiveTutorial.InteractiveTutorialUtterances, CaseBasedController",
          "FirstCategory": "Tutorial",
          "FirstSubcategory": "OwnPolicy",
          "SecondCategory": "Tutorial",
          "SecondSubcategory": "OtherPolicy",
          "Priority": 4
        },
        "Detector": {
          "$id": "45",
          "$type": "CaseBasedController.Detection.Enercities.FirstActions.AfterFirstPolicyAppliedByMaiorBinaryFeatureDetector, CaseBasedController",
          "Description": null,
          "ActivationsMinDelayMilliseconds": 0
        },
        "ExecutionStarted": false,
        "IsCancellable": false,
        "Enabled": true
      },
      {
        "$id": "46",
        "Description": "Tell skip tutorial",
        "Behavior": {
          "$id": "47",
          "$type": "CaseBasedController.Behavior.Enercities.InteractiveTutorial.InteractiveTutorialUtterances, CaseBasedController",
          "FirstCategory": "Tutorial",
          "FirstSubcategory": "OwnSkip",
          "SecondCategory": "Tutorial",
          "SecondSubcategory": "OtherSkip",
          "Priority": 4
        },
        "Detector": {
          "$id": "48",
          "$type": "CaseBasedController.Detection.Enercities.FirstActions.AfterFirstSkipDoneByMayorBinaryFeatureDetector, CaseBasedController",
          "Description": null,
          "ActivationsMinDelayMilliseconds": 0
        },
        "ExecutionStarted": false,
        "IsCancellable": false,
        "Enabled": true
      },
      {
        "$id": "49",
        "Description": "Comment AI taking too long",
        "Behavior": {
          "$id": "50",
          "$type": "CaseBasedController.Behavior.Enercities.PerformUtterance, CaseBasedController",
          "FinishImmediately": false,
          "Category": "feedback",
          "Subcategory": "thinking",
          "Priority": 0
        },
        "Detector": {
          "$id": "51",
          "$type": "CaseBasedController.Detection.Composition.AndFeatureDetector, CaseBasedController",
          "Detectors": {
            "$id": "52",
            "$values": [
              {
                "$ref": "7"
              },
              {
                "$id": "53",
                "$type": "CaseBasedController.Detection.Enercities.DelayFromTurnStartDetector, CaseBasedController",
                "Delay": 9000.0,
                "Description": null,
                "ActivationsMinDelayMilliseconds": 0
              },
              {
                "$id": "54",
                "$type": "CaseBasedController.Detection.Composition.NotFeatureDetector, CaseBasedController",
                "WatchedDetector": {
                  "$id": "55",
                  "$type": "CaseBasedController.Detection.Enercities.LevelBaseFeatureDetector, CaseBasedController",
                  "TurnToDetect": 1,
                  "Description": null,
                  "ActivationsMinDelayMilliseconds": 0
                },
                "Description": null,
                "ActivationsMinDelayMilliseconds": 0
              },
              {
                "$id": "56",
                "$type": "CaseBasedController.Detection.Composition.NotFeatureDetector, CaseBasedController",
                "WatchedDetector": {
                  "$id": "57",
                  "$type": "CaseBasedController.Detection.Composition.AndFeatureDetector, CaseBasedController",
                  "Detectors": {
                    "$id": "58",
                    "$values": [
                      {
                        "$ref": "7"
                      },
                      {
                        "$id": "59",
                        "$type": "CaseBasedController.Detection.Enercities.GameActionInstantFeatureDetector, CaseBasedController",
                        "TimePeriod": 1.0,
                        "Description": "Tells when something have been built/uptadet/implemented",
                        "ActivationsMinDelayMilliseconds": 0
                      }
                    ]
                  },
                  "Description": "AI playing a game action",
                  "ActivationsMinDelayMilliseconds": 0
                },
                "Description": null,
                "ActivationsMinDelayMilliseconds": 0
              },
              {
                "$id": "60",
                "$type": "CaseBasedController.Detection.Composition.NotFeatureDetector, CaseBasedController",
                "WatchedDetector": {
                  "$id": "61",
                  "$type": "CaseBasedController.Detection.Enercities.GameEndedBinaryDetector, CaseBasedController",
                  "GameEndType": 3,
                  "Description": "Detects when the game ends",
                  "ActivationsMinDelayMilliseconds": 0
                },
                "Description": null,
                "ActivationsMinDelayMilliseconds": 0
              }
            ]
          },
          "Description": null,
          "ActivationsMinDelayMilliseconds": 0
        },
        "ExecutionStarted": false,
        "IsCancellable": true,
        "Enabled": true
      },
      {
        "$id": "62",
        "Description": "Helps the human player in the early game if he doesn't act",
        "Behavior": {
          "$id": "63",
          "$type": "CaseBasedController.Behavior.Enercities.PerformUtterance, CaseBasedController",
          "FinishImmediately": false,
          "Category": "Gamerules",
          "Subcategory": "General",
          "Priority": 0
        },
        "Detector": {
          "$id": "64",
          "$type": "CaseBasedController.Detection.Composition.AndFeatureDetector, CaseBasedController",
          "Detectors": {
            "$id": "65",
            "$values": [
              {
                "$id": "66",
                "$type": "CaseBasedController.Detection.Enercities.DelayFromTurnStartDetector, CaseBasedController",
                "Delay": 10000.0,
                "Description": null,
                "ActivationsMinDelayMilliseconds": 0
              },
              {
                "$id": "67",
                "$type": "CaseBasedController.Detection.Composition.NotFeatureDetector, CaseBasedController",
                "WatchedDetector": {
                  "$id": "68",
                  "$type": "CaseBasedController.Detection.Enercities.PlayerInteractionBinaryFeatureDetector, CaseBasedController",
                  "Description": "Tells when any action was done on the game",
                  "ActivationsMinDelayMilliseconds": 0
                },
                "Description": null,
                "ActivationsMinDelayMilliseconds": 0
              },
              {
                "$id": "69",
                "$type": "CaseBasedController.Detection.Composition.OrFeatureDetector, CaseBasedController",
                "Detectors": {
                  "$id": "70",
                  "$values": [
                    {
                      "$id": "71",
                      "$type": "CaseBasedController.Detection.Enercities.PlayerTurnBinaryFeatureDetector, CaseBasedController",
                      "Player": 1,
                      "Description": "Environmentalist turn detector",
                      "ActivationsMinDelayMilliseconds": 0
                    },
                    {
                      "$id": "72",
                      "$type": "CaseBasedController.Detection.Enercities.PlayerTurnBinaryFeatureDetector, CaseBasedController",
                      "Player": 0,
                      "Description": "Economist turn detector",
                      "ActivationsMinDelayMilliseconds": 0
                    }
                  ]
                },
                "Description": null,
                "ActivationsMinDelayMilliseconds": 0
              },
              {
                "$id": "73",
                "$type": "CaseBasedController.Detection.Composition.NotFeatureDetector, CaseBasedController",
                "WatchedDetector": {
                  "$ref": "61"
                },
                "Description": null,
                "ActivationsMinDelayMilliseconds": 0
              },
              {
                "$id": "74",
                "$type": "CaseBasedController.Detection.Composition.StayActiveDetector, CaseBasedController",
                "Delay": 5000.0,
                "WatchedDetector": {
                  "$id": "75",
                  "$type": "CaseBasedController.Detection.Composition.NotFeatureDetector, CaseBasedController",
                  "WatchedDetector": {
                    "$id": "76",
                    "$type": "CaseBasedController.Detection.Enercities.RobotSpeakingBinaryFeatureDetector, CaseBasedController",
                    "Description": null,
                    "ActivationsMinDelayMilliseconds": 0
                  },
                  "Description": null,
                  "ActivationsMinDelayMilliseconds": 0
                },
                "Description": null,
                "ActivationsMinDelayMilliseconds": 0
              }
            ]
          },
          "Description": "isHumanIdleBinaryFeatureDetector",
          "ActivationsMinDelayMilliseconds": 60000
        },
        "ExecutionStarted": false,
        "IsCancellable": true,
        "Enabled": true
      },
      {
        "$id": "77",
        "Description": "Classifier Enabled",
        "Behavior": {
          "$id": "78",
          "$type": "CaseBasedController.Behavior.ClassifierControlBehavior, CaseBasedController",
          "UseClassifier": true,
          "Priority": 0
        },
        "Detector": {
          "$id": "79",
          "$type": "CaseBasedController.Detection.Composition.AndFeatureDetector, CaseBasedController",
          "Detectors": {
            "$id": "80",
            "$values": [
              {
                "$id": "81",
                "$type": "CaseBasedController.Detection.Enercities.DelayFromTurnStartDetector, CaseBasedController",
                "Delay": 3000.0,
                "Description": null,
                "ActivationsMinDelayMilliseconds": 0
              },
              {
                "$id": "82",
                "$type": "CaseBasedController.Detection.Composition.NotFeatureDetector, CaseBasedController",
                "WatchedDetector": {
                  "$id": "83",
                  "$type": "CaseBasedController.Detection.Composition.StayActiveDetector, CaseBasedController",
                  "Delay": 5000.0,
                  "WatchedDetector": {
                    "$id": "84",
                    "$type": "CaseBasedController.Detection.Enercities.RobotSpeakingBinaryFeatureDetector, CaseBasedController",
                    "Description": null,
                    "ActivationsMinDelayMilliseconds": 0
                  },
                  "Description": null,
                  "ActivationsMinDelayMilliseconds": 0
                },
                "Description": null,
                "ActivationsMinDelayMilliseconds": 0
              },
              {
                "$id": "85",
                "$type": "CaseBasedController.Detection.Composition.NotFeatureDetector, CaseBasedController",
                "WatchedDetector": {
                  "$ref": "61"
                },
                "Description": null,
                "ActivationsMinDelayMilliseconds": 0
              }
            ]
          },
          "Description": "classifierShouldAct",
          "ActivationsMinDelayMilliseconds": 0
        },
        "ExecutionStarted": false,
        "IsCancellable": true,
        "Enabled": true
      },
      {
        "$id": "86",
        "Description": "Classifier disabled",
        "Behavior": {
          "$id": "87",
          "$type": "CaseBasedController.Behavior.ClassifierControlBehavior, CaseBasedController",
          "UseClassifier": false,
          "Priority": 0
        },
        "Detector": {
          "$id": "88",
          "$type": "CaseBasedController.Detection.Composition.NotFeatureDetector, CaseBasedController",
          "WatchedDetector": {
            "$ref": "79"
          },
          "Description": "classifierShouldNOTAct",
          "ActivationsMinDelayMilliseconds": 0
        },
        "ExecutionStarted": false,
        "IsCancellable": true,
        "Enabled": true
      },
      {
        "$id": "89",
        "Description": "Learner model events",
        "Behavior": {
          "$id": "90",
          "$type": "CaseBasedController.Behavior.Enercities.PerformUtteranceForLatestMemoryEvent, CaseBasedController",
          "Priority": 0
        },
        "Detector": {
          "$id": "91",
          "$type": "CaseBasedController.Detection.Enercities.LearnerModelEventInstantFeatureDetector, CaseBasedController",
          "TimePeriod": 5000.0,
          "Description": "Detects when the learner model detects an important event",
          "ActivationsMinDelayMilliseconds": 0
        },
        "ExecutionStarted": false,
        "IsCancellable": true,
        "Enabled": true
      }
    ]
  }
}