<?xml version='1.0' encoding='UTF-8'?>
<structures>
<structure name='Park'>
	<category>Environment</category>
	<unlocklevel>1</unlocklevel>
	<buildingcost>8</buildingcost>
	<buildtime>0,1</buildtime>
	<annualcost>0</annualcost>
	<homes>0</homes>
	<annualenergy>0</annualenergy>
	<annualoil>0</annualoil>
	<environmentscore>3</environmentscore>
	<economyscore>0</economyscore>
	<wellbeingscore>0</wellbeingscore>
</structure>
<structure name='Forest'>
	<category>Environment</category>
	<unlocklevel>2</unlocklevel>
	<buildingcost>24</buildingcost>
	<buildtime>0,1</buildtime>
	<annualcost>0</annualcost>
	<homes>0</homes>
	<annualenergy>0</annualenergy>
	<annualoil>0</annualoil>
	<environmentscore>5</environmentscore>
	<economyscore>0</economyscore>
	<wellbeingscore>0</wellbeingscore>
</structure>
<structure name='Wildlife_Reserve'>
	<category>Environment</category>
	<unlocklevel>3</unlocklevel>
	<buildingcost>75</buildingcost>
	<buildtime>0,1</buildtime>
	<annualcost>0</annualcost>
	<homes>0</homes>
	<annualenergy>0</annualenergy>
	<annualoil>0</annualoil>
	<environmentscore>10</environmentscore>
	<economyscore>0</economyscore>
	<wellbeingscore>0</wellbeingscore>
</structure>
<structure name='Suburban'>
	<category>Residential</category>
	<unlocklevel>1</unlocklevel>
	<buildingcost>10</buildingcost>
	<buildtime>0,1</buildtime>
	<annualcost>0</annualcost>
	<homes>7</homes>
	<annualenergy>-2</annualenergy>
	<annualoil>-2</annualoil>
	<environmentscore>-1,5</environmentscore>
	<economyscore>0</economyscore>
	<wellbeingscore>0</wellbeingscore>
</structure>
<structure name='Urban'>
	<category>Residential</category>
	<unlocklevel>2</unlocklevel>
	<buildingcost>30</buildingcost>
	<buildtime>0,1</buildtime>
	<annualcost>0</annualcost>
	<homes>20</homes>
	<annualenergy>-6</annualenergy>
	<annualoil>-5</annualoil>
	<environmentscore>-4</environmentscore>
	<economyscore>0</economyscore>
	<wellbeingscore>0</wellbeingscore>
</structure>
<structure name='Residential_Tower'>
	<category>Residential</category>
	<unlocklevel>3</unlocklevel>
	<buildingcost>99</buildingcost>
	<buildtime>0,1</buildtime>
	<annualcost>0</annualcost>
	<homes>50</homes>
	<annualenergy>-15</annualenergy>
	<annualoil>-15</annualoil>
	<environmentscore>-10</environmentscore>
	<economyscore>0</economyscore>
	<wellbeingscore>0</wellbeingscore>
</structure>
<structure name='Light_Industry'>
	<category>Economy</category>
	<unlocklevel>1</unlocklevel>
	<buildingcost>10</buildingcost>
	<buildtime>0,1</buildtime>
	<annualcost>-4</annualcost>
	<homes>0</homes>
	<annualenergy>-4</annualenergy>
	<annualoil>-5</annualoil>
	<environmentscore>-4</environmentscore>
	<economyscore>5</economyscore>
	<wellbeingscore>0</wellbeingscore>
</structure>
<structure name='Heavy_Industry'>
	<category>Economy</category>
	<unlocklevel>2</unlocklevel>
	<buildingcost>20</buildingcost>
	<buildtime>0,1</buildtime>
	<annualcost>-10</annualcost>
	<homes>0</homes>
	<annualenergy>-8</annualenergy>
	<annualoil>-8</annualoil>
	<environmentscore>-10</environmentscore>
	<economyscore>10</economyscore>
	<wellbeingscore>-1</wellbeingscore>
</structure>
<structure name='Commercial'>
	<category>Economy</category>
	<unlocklevel>3</unlocklevel>
	<buildingcost>75</buildingcost>
	<buildtime>0,1</buildtime>
	<annualcost>-8</annualcost>
	<homes>0</homes>
	<annualenergy>-12</annualenergy>
	<annualoil>-7</annualoil>
	<environmentscore>-6</environmentscore>
	<economyscore>20</economyscore>
	<wellbeingscore>0</wellbeingscore>
</structure>
<structure name='Market'>
	<category>Wellbeing</category>
	<unlocklevel>1</unlocklevel>
	<buildingcost>10</buildingcost>
	<buildtime>0,1</buildtime>
	<annualcost>0</annualcost>
	<homes>0</homes>
	<annualenergy>0</annualenergy>
	<annualoil>-1</annualoil>
	<environmentscore>0</environmentscore>
	<economyscore>0</economyscore>
	<wellbeingscore>2</wellbeingscore>
</structure>
<structure name='Public_Services'>
	<category>Wellbeing</category>
	<unlocklevel>2</unlocklevel>
	<buildingcost>25</buildingcost>
	<buildtime>0,1</buildtime>
	<annualcost>0</annualcost>
	<homes>0</homes>
	<annualenergy>-5</annualenergy>
	<annualoil>-3</annualoil>
	<environmentscore>-3</environmentscore>
	<economyscore>0</economyscore>
	<wellbeingscore>8</wellbeingscore>
</structure>
<structure name='Stadium'>
	<category>Wellbeing</category>
	<unlocklevel>3</unlocklevel>
	<buildingcost>50</buildingcost>
	<buildtime>0,1</buildtime>
	<annualcost>0</annualcost>
	<homes>0</homes>
	<annualenergy>-12</annualenergy>
	<annualoil>-2</annualoil>
	<environmentscore>-2</environmentscore>
	<economyscore>0</economyscore>
	<wellbeingscore>15</wellbeingscore>
</structure>
<structure name='Windmills'>
	<category>Energy</category>
	<unlocklevel>1</unlocklevel>
	<buildingcost>8</buildingcost>
	<buildtime>0,1</buildtime>
	<annualcost>0</annualcost>
	<homes>0</homes>
	<annualenergy>4</annualenergy>
	<annualoil>0</annualoil>
	<environmentscore>0</environmentscore>
	<economyscore>0</economyscore>
	<wellbeingscore>0</wellbeingscore>
</structure>
<structure name='Coal_Plant_Small'>
	<category>Energy</category>
	<unlocklevel>1</unlocklevel>
	<buildingcost>8</buildingcost>
	<buildtime>0,1</buildtime>
	<annualcost>0</annualcost>
	<homes>0</homes>
	<annualenergy>10</annualenergy>
	<annualoil>-2</annualoil>
	<environmentscore>-3</environmentscore>
	<economyscore>0</economyscore>
	<wellbeingscore>-1</wellbeingscore>
</structure>
<structure name='Coal_Plant'>
	<category>Energy</category>
	<unlocklevel>2</unlocklevel>
	<buildingcost>25</buildingcost>
	<buildtime>0,1</buildtime>
	<annualcost>0</annualcost>
	<homes>0</homes>
	<annualenergy>25</annualenergy>
	<annualoil>-6</annualoil>
	<environmentscore>-8</environmentscore>
	<economyscore>0</economyscore>
	<wellbeingscore>-2</wellbeingscore>
</structure>
<structure name='Solar_Plant'>
	<category>Energy</category>
	<unlocklevel>2</unlocklevel>
	<buildingcost>20</buildingcost>
	<buildtime>0,1</buildtime>
	<annualcost>0</annualcost>
	<homes>0</homes>
	<annualenergy>12</annualenergy>
	<annualoil>0</annualoil>
	<environmentscore>0</environmentscore>
	<economyscore>0</economyscore>
	<wellbeingscore>0</wellbeingscore>
</structure>
<structure name='Nuclear_Plant'>
	<category>Energy</category>
	<unlocklevel>3</unlocklevel>
	<buildingcost>50</buildingcost>
	<buildtime>0,1</buildtime>
	<annualcost>0</annualcost>
	<homes>0</homes>
	<annualenergy>40</annualenergy>
	<annualoil>-2</annualoil>
	<environmentscore>-4</environmentscore>
	<economyscore>0</economyscore>
	<wellbeingscore>-6</wellbeingscore>
</structure>
<structure name='Hydro_Plant'>
	<category>Energy</category>
	<unlocklevel>3</unlocklevel>
	<buildingcost>60</buildingcost>
	<buildtime>0,1</buildtime>
	<annualcost>0</annualcost>
	<homes>0</homes>
	<annualenergy>25</annualenergy>
	<annualoil>0</annualoil>
	<environmentscore>-1</environmentscore>
	<economyscore>0</economyscore>
	<wellbeingscore>-1</wellbeingscore>
</structure>
<structure name='Super_WindTurbine'>
	<category>Energy</category>
	<unlocklevel>4</unlocklevel>
	<buildingcost>60</buildingcost>
	<buildtime>0,1</buildtime>
	<annualcost>0</annualcost>
	<homes>0</homes>
	<annualenergy>30</annualenergy>
	<annualoil>0</annualoil>
	<environmentscore>-2</environmentscore>
	<economyscore>0</economyscore>
	<wellbeingscore>-2</wellbeingscore>
</structure>
<structure name='Super_Solar'>
	<category>Energy</category>
	<unlocklevel>4</unlocklevel>
	<buildingcost>100</buildingcost>
	<buildtime>0,1</buildtime>
	<annualcost>0</annualcost>
	<homes>0</homes>
	<annualenergy>50</annualenergy>
	<annualoil>0</annualoil>
	<environmentscore>-1</environmentscore>
	<economyscore>0</economyscore>
	<wellbeingscore>-1</wellbeingscore>
</structure>
<structure name='Nuclear_Fusion'>
	<category>Energy</category>
	<unlocklevel>4</unlocklevel>
	<buildingcost>200</buildingcost>
	<buildtime>0,1</buildtime>
	<annualcost>0</annualcost>
	<homes>0</homes>
	<annualenergy>100</annualenergy>
	<annualoil>0</annualoil>
	<environmentscore>-2</environmentscore>
	<economyscore>0</economyscore>
	<wellbeingscore>-2</wellbeingscore>
</structure>
<structure name='City_Hall'>
	<category>Residential</category>
	<unlocklevel>1</unlocklevel>
	<buildingcost>2</buildingcost>
	<buildtime>0,1</buildtime>
	<annualcost>-2</annualcost>
	<homes>1</homes>
	<annualenergy>4</annualenergy>
	<annualoil>0</annualoil>
	<environmentscore>2</environmentscore>
	<economyscore>2</economyscore>
	<wellbeingscore>2</wellbeingscore>
</structure>
<structure name='NotUsed'>
	<category>NotUsed</category>
	<unlocklevel>1</unlocklevel>
	<buildingcost>0</buildingcost>
	<buildtime>0,1</buildtime>
	<annualcost>0</annualcost>
	<homes>0</homes>
	<annualenergy>0</annualenergy>
	<annualoil>0</annualoil>
	<environmentscore>0</environmentscore>
	<economyscore>0</economyscore>
	<wellbeingscore>0</wellbeingscore>
</structure>
</structures>