<?xml version="1.0" encoding="utf-8"?>
<ArrayOfGameRecord xmlns:xsi="http://www.w3.org/2001/XMLSchema-instance" xmlns:xsd="http://www.w3.org/2001/XMLSchema">
  <GameRecord>
    <Team>TeamRocket</Team>
    <Economist>Player 2</Economist>
    <EconomistScore>42</EconomistScore>
    <Environmentalist>Player 1</Environmentalist>
    <EnvironmentalistScore>-24</EnvironmentalistScore>
    <Mayor>AI</Mayor>
    <MayorScore>-8</MayorScore>
    <TeamScore>10</TeamScore>
  </GameRecord>
  <GameRecord>
    <Team>TeamRocket</Team>
    <Economist>Player 2</Economist>
    <EconomistScore>28</EconomistScore>
    <Environmentalist>Player 1</Environmentalist>
    <EnvironmentalistScore>-7</EnvironmentalistScore>
    <Mayor>AI</Mayor>
    <MayorScore>40</MayorScore>
    <TeamScore>61</TeamScore>
  </GameRecord>
  <GameRecord>
    <Team>TeamRocket</Team>
    <Economist>Player 2</Economist>
    <EconomistScore>35</EconomistScore>
    <Environmentalist>Player 1</Environmentalist>
    <EnvironmentalistScore>9</EnvironmentalistScore>
    <Mayor>AI</Mayor>
    <MayorScore>36</MayorScore>
    <TeamScore>80</TeamScore>
  </GameRecord>
  <GameRecord>
    <Team>TeamRocket</Team>
    <Economist>Player 2</Economist>
    <EconomistScore>30</EconomistScore>
    <Environmentalist>Player 1</Environmentalist>
    <EnvironmentalistScore>4</EnvironmentalistScore>
    <Mayor>AI</Mayor>
    <MayorScore>46</MayorScore>
    <TeamScore>80</TeamScore>
  </GameRecord>
  <GameRecord>
    <Team>TeamRocket</Team>
    <Economist>Marcos</Economist>
    <EconomistScore>40</EconomistScore>
    <Environmentalist>Pedro</Environmentalist>
    <EnvironmentalistScore>7</EnvironmentalistScore>
    <Mayor>AI</Mayor>
    <MayorScore>39</MayorScore>
    <TeamScore>86</TeamScore>
  </GameRecord>
  <GameRecord>
    <Team>TeamRocket</Team>
    <Economist>Player 2</Economist>
    <EconomistScore>70</EconomistScore>
    <Environmentalist>Player 1</Environmentalist>
    <EnvironmentalistScore>-160</EnvironmentalistScore>
    <Mayor>AI</Mayor>
    <MayorScore>-24</MayorScore>
    <TeamScore>-114</TeamScore>
  </GameRecord>
  <GameRecord>
    <Team>TeamRocket</Team>
    <Economist>Player 2</Economist>
    <EconomistScore>22</EconomistScore>
    <Environmentalist>Player 1</Environmentalist>
    <EnvironmentalistScore>-78</EnvironmentalistScore>
    <Mayor>AI</Mayor>
    <MayorScore>10</MayorScore>
    <TeamScore>-46</TeamScore>
  </GameRecord>
  <GameRecord>
    <Team>TeamRocket</Team>
    <Economist>Player 2</Economist>
    <EconomistScore>43</EconomistScore>
    <Environmentalist>Player 1</Environmentalist>
    <EnvironmentalistScore>-2</EnvironmentalistScore>
    <Mayor>AI</Mayor>
    <MayorScore>33</MayorScore>
    <TeamScore>74</TeamScore>
  </GameRecord>
</ArrayOfGameRecord>